,RandomWalk,LSTM_991,LSTM_982,LSTM_mae_991,LSTM_mae_982
monthly,0.02106003658165121,0.02123850754353148,0.021634582890278933,0.021491061135608388,0.021409870448200613
3_month,0.04220534215302269,0.042947074881524556,0.05285207021934281,0.042437468727598626,0.05254273312591705
6_month,0.06273742849361938,0.06464312666269921,0.08187680933224681,0.0647349577337254,0.08425162820491505
12_month,0.09689880852162883,0.09726433450798629,0.1140882143870002,0.0922474501477954,0.11715939184446687
