,RandomWalk,LSTM_991,LSTM_982
monthly,0.018484765987933714,0.017478661121564674,0.017558701255276473
3_month,0.038929510931406605,0.040361540466675144,0.040011763385402396
6_month,0.05292971599441411,0.05401741991030618,0.05364849105548274
12_month,0.08154037855528797,0.08774815866965045,0.0860210724694686
