,RandomWalk,LSTM_991,LSTM_982,LSTM_mae_991,LSTM_mae_982
monthly,0.0174775296252253,0.01727513474907377,0.017519279925364034,0.017343395148904588,0.01731527581682176
3_month,0.034894777377612374,0.03393354858469195,0.041534652672833725,0.03342696904446123,0.04112975707193187
6_month,0.04985863713136569,0.05267872380267643,0.06897872310885537,0.05309132604600674,0.0716172190222119
12_month,0.0839893953510123,0.08119740838932481,0.1000025931906559,0.0764388482269034,0.1017169336145166
