,RandomWalk,RandomWalkWithDrift,AR_1_1,AR_2_0,AR_Diff_1_0,AR_Diff_0_1,UnobservedComponentModel,UnobservedComponentModel_With_Season
monthly,0.007606084027786966,0.008768014335242227,0.007133650683217079,0.0071178262197103695,0.008283981233603285,0.00832679775498736,0.007575588299097703,0.009877610978570334
3_month,0.018230082029914572,0.022518351504926166,0.017257196686782578,0.017224849447926367,0.022023553707284968,0.022118412211908908,0.018885328265388857,0.022388969526442086
6_month,0.0295231217371082,0.03986058327858601,0.02746597169689547,0.027379836754932274,0.03935328185155197,0.03947055804191877,0.030885893838301152,0.034990055972183576
12_month,0.04583878671706613,0.07152264046132101,0.04123105443107339,0.04103701342476466,0.07051947512794425,0.07064919507547486,0.04730966158240396,0.04856796840318553
