,RandomWalk,RandomWalkWithDrift,AR_1_1,AR_2_0,AR_Diff_1_0,AR_Diff_0_1,UnobservedComponentModel,UnobservedComponentModel_With_Season
monthly,0.0174775296252253,0.017702058127129675,0.016132506991700234,0.01670215804484463,0.01704651805793339,0.01635063107430756,0.0177038830375477,0.017781485075310084
3_month,0.034894777377612374,0.03639997717715392,0.03540318561975161,0.038149928641266616,0.037098641660479326,0.0359714792861408,0.038160337753066785,0.033979853750842524
6_month,0.04985863713136569,0.0553782452251388,0.053429557943282906,0.05915544287064541,0.05306753972985397,0.05281118866348088,0.05725230078923087,0.057594994970297644
12_month,0.0839893953510123,0.09638872110221314,0.07434102957981123,0.08037896323959173,0.09207936325973347,0.09196061523560184,0.10737674958424505,0.10788402277049869
