,RandomWalk,RandomWalkWithDrift,AR_1_1,AR_2_0,AR_Diff_1_0,AR_Diff_0_1,UnobservedComponentModel,UnobservedComponentModel_With_Season
monthly,0.01652429017405414,0.016680201977321885,0.01659178179392175,0.01700200021009153,0.016996996873115094,0.016735637523330106,0.018231234630578016,0.02114559416158789
3_month,0.0332469939558655,0.03423783617257833,0.03293338525288181,0.033279830357660085,0.033802700578392686,0.033706340907872306,0.04216670802643723,0.05024845540989716
6_month,0.05026313854721762,0.05426428998504024,0.049131026216512046,0.04958494961417056,0.052649990092715745,0.05254629928923996,0.07561454275839288,0.08866368274856233
12_month,0.07185393745862097,0.08319343891698067,0.07152474487422822,0.0736738020402865,0.07750438048223174,0.07746600299890775,0.12835765602213955,0.12864341129045428
