,RandomWalk,Ann_12,Ann_8,Ann_6,Ann_5,Ann_4,Ann_3,Ann_2,Ann_1
monthly,0.013241424447096766,0.033606607991802144,0.040413057140698795,0.04048260473034524,0.03732507280605073,0.028484322443180148,0.035131718922404936,0.02438193679065819,0.017588664124348032
3_month,0.02960358433439818,0.07418322388648504,0.07108817749442665,0.07364698747038824,0.07734038628667193,0.06176245157513698,0.059154347382283964,0.05053961179813304,0.04084310421065679
6_month,0.04943984286524207,0.14089133008941254,0.12037460071887175,0.10024140656404842,0.09380357201030691,0.09018614265382496,0.09422989793917713,0.0824999788307719,0.06614236024596373
12_month,0.07546964491985418,0.20080879347508918,0.13230114554363553,0.12453099235975448,0.1248821171184544,0.12168196597290969,0.1346546671907264,0.11820416704177544,0.09879012659071094
