,RandomWalk,Ann_12,Ann_8,Ann_6,Ann_5,Ann_4,Ann_3,Ann_2,Ann_1
monthly,0.017758748555011764,0.01839233418859794,0.11261490667522935,0.11702990247720547,0.1165311978862043,0.1004034130186161,0.09088048666758806,0.07364608142579036,0.050427988859408406
3_month,0.03892526471515746,0.04178011685575612,0.1525886571888574,0.14716368746924918,0.1485642606613533,0.14832160692961432,0.10381798705351278,0.10877418600851048,0.09762794961506276
6_month,0.06294407134999591,0.07095152016395026,0.18584623010068738,0.11517608160247152,0.1307006843143263,0.1356688293961296,0.13025544873335235,0.13337921126304314,0.12539385488051832
12_month,0.09905809381907268,0.1133370308557458,0.14230103640888644,0.15353305893546418,0.14726657361158413,0.15483398449063163,0.15195869040107327,0.15503262573065416,0.14928859971757147
