,RandomWalk,Ann_12,Ann_8,Ann_6,Ann_5,Ann_4,Ann_3,Ann_2,Ann_1
monthly,0.017758748555011764,0.046611030655632935,0.054979171504094156,0.058160118314631803,0.054685653504068336,0.04208195292784951,0.05174099643484816,0.03558195442535012,0.025407497353329794
3_month,0.03892526471515746,0.10142368076020064,0.09573582771709747,0.10010832155281245,0.10531709471181135,0.08497472503007841,0.08130892386089042,0.06794103065476469,0.05725485381140183
6_month,0.06294407134999591,0.1949855486882317,0.15881138351704757,0.12591994788271033,0.11512382108854992,0.1141392016090756,0.11573007943281187,0.10165102920358486,0.08692833780896357
12_month,0.09905809381907268,0.24479189518846706,0.15596135363955593,0.14726796724223482,0.1476524527845446,0.14412450612375297,0.15443044888288968,0.13683445070747202,0.12185920307916565
