,RandomWalk,Ann_12,Ann_8,Ann_6,Ann_5,Ann_4,Ann_3,Ann_2,Ann_1
monthly,0.013241424447096766,0.014293250785292588,0.013554702662920625,0.013386722379022702,0.013787757150318497,0.013462417605544773,0.013395383678290662,0.013878443563657607,0.012898773567330768
3_month,0.02960358433439818,0.03221149091848149,0.03182106607628135,0.029465990299435793,0.031088822084834034,0.03013442171188028,0.03082920776776756,0.034155138975783074,0.03182068121215362
6_month,0.04943984286524207,0.054746783345409285,0.05503200496401388,0.0515360793460825,0.05208780547370084,0.05034114441402635,0.05635923370274881,0.05970583864254695,0.05369985148022144
12_month,0.07546964491985418,0.08730292750855315,0.08665510714832898,0.08524493742355196,0.08308571588549835,0.08367033091429034,0.10141089118444864,0.09656782293772533,0.09557760482611695
