,RandomWalk,Ann_12,Ann_8,Ann_6,Ann_5,Ann_4,Ann_3,Ann_2,Ann_1
monthly,0.017758748555011764,0.01839233418859794,0.018376029820947038,0.017879757717958814,0.01798140120075322,0.017853194054062424,0.017678081102834715,0.01834913924044254,0.017840752479331017
3_month,0.03892526471515746,0.04178011685575612,0.04129842091949159,0.03916793635811691,0.04032866408634212,0.038731503588359736,0.04076936846003182,0.042672299627835,0.040466970167349695
6_month,0.06294407134999591,0.07095152016395026,0.07069647665584462,0.06589777212688468,0.06643325489472021,0.06398227663869496,0.06954791371436192,0.0725323854868745,0.06782720489320775
12_month,0.09905809381907268,0.1133370308557458,0.11127254503633195,0.10896534462884377,0.10731723575350513,0.1112595582569337,0.1379283608570587,0.1206983807909441,0.12261181238083614
