,RandomWalk,Ann_12,Ann_8,Ann_6,Ann_5,Ann_4,Ann_3,Ann_2,Ann_1
monthly,0.013241424447096766,0.014293250785292588,0.09106997929345247,0.09280744641184852,0.09252056844004257,0.07909118779291889,0.06913491173185261,0.05550395981497005,0.035632268666464385
3_month,0.02960358433439818,0.03221149091848149,0.12441980475260062,0.11932743920655098,0.1207249061954003,0.1202649499540747,0.08250653430468406,0.08604262119540687,0.07338459669728815
6_month,0.04943984286524207,0.054746783345409285,0.15669622447622822,0.09774628778842546,0.11054746843009455,0.11577783101195066,0.10832416412836593,0.11108116447426751,0.09931779776867335
12_month,0.07546964491985418,0.08730292750855315,0.12623673034887095,0.13686166974361572,0.13112939131392293,0.1384746348813435,0.134514675808892,0.1369377622829108,0.12960103088365152
